<profile>

<section name = "Vivado HLS Report for 'toplevel'" level="0">
<item name = "Date">Wed May 09 02:41:27 2018
</item>
<item name = "Version">2016.2 (Build 1577090 on Thu Jun 02 16:59:10 MDT 2016)</item>
<item name = "Project">particle_sim_hls</item>
<item name = "Solution">solution1</item>
<item name = "Product family">zynq</item>
<item name = "Target device">xc7z010clg400-1</item>
</section>

<section name = "Performance Estimates" level="0">
<item name = "Timing (ns)">
<section name = "" level="1">
<item name = "Summary"><table name="" hasTotal="0">
<keys size="4">Clock, Target, Estimated, Uncertainty</keys>
<column name="ap_clk">10.00, 9.53, 1.25</column>
</table>
</item>
</section>
</item>
<item name = "Latency (clock cycles)">
<section name = "" level="1">
<item name = "Summary"><table name="" hasTotal="0">
<keys size="6">, min, max, min, max, Type</keys>
<column name="">3, 6576003, 4, 6576004, none</column>
</table>
</item>
<item name = "Detail">
<section name = "" level="1">
<item name = "Instance"><table name="" hasTotal="0">
<keys size="7">Instance, Module, min, max, min, max, Type</keys>
</table>
</item>
<item name = "Loop"><table name="" hasTotal="0">
<keys size="8">Loop Name, min, max, Latency, achieved, target, Count, Pipelined</keys>
<column name="- updateParticleLoop">0, 6576000, 96 ~ 548, -, -, 0 ~ 12000, no</column>
<column name=" + calculateVelocityLoop">64, 488, 77, 4, 1, 0 ~ 104, yes</column>
</table>
</item>
</section>
</item>
</section>
</item>
</section>
</profile>
