<profile>

<section name = "Vivado HLS Report for 'toplevel'" level="0">
<item name = "Date">Wed May 09 02:41:27 2018
</item>
<item name = "Version">2016.2 (Build 1577090 on Thu Jun 02 16:59:10 MDT 2016)</item>
<item name = "Project">particle_sim_hls</item>
<item name = "Solution">solution1</item>
<item name = "Product family">zynq</item>
<item name = "Target device">xc7z010clg400-1</item>
</section>

<section name = "Performance Estimates" level="0">
<item name = "Timing (ns)">
<section name = "" level="1">
<item name = "Target clock period (ns)">10.00</item>
<item name = "Clock uncertainty (ns)">1.25</item>
<item name = "Estimated clock period (ns)">9.53</item>
</section>
</item>
<item name = "Latency (clock cycles)">
<section name = "" level="1">
<item name = "Summary"><table name="" hasTotal="0">
<keys size="6">, min, max, min, max, Type</keys>
<column name="">3, 6576003, 4, 6576004, none</column>
</table>
</item>
<item name = "Detail">
<section name = "" level="1">
<item name = "Instance"><table name="" hasTotal="0">
<keys size="7">Instance, Module, min, max, min, max, Type</keys>
</table>
</item>
<item name = "Loop"><table name="" hasTotal="0">
<keys size="8">Loop Name, min, max, Latency, achieved, target, Count, Pipelined</keys>
<column name="- updateParticleLoop">0, 6576000, 96 ~ 548, -, -, 0 ~ 12000, no</column>
<column name=" + calculateVelocityLoop">64, 488, 77, 4, 1, 0 ~ 104, yes</column>
</table>
</item>
</section>
</item>
</section>
</item>
</section>

<section name = "Utilization Estimates" level="0">
<item name = "Summary"><table name="" hasTotal="1">
<keys size="5">Name, BRAM_18K, DSP48E, FF, LUT</keys>
<column name="DSP">-, -, -, -</column>
<column name="Expression">-, -, 0, 621</column>
<column name="FIFO">-, -, -, -</column>
<column name="Instance">2, 10, 2590, 4082</column>
<column name="Memory">-, -, -, -</column>
<column name="Multiplexer">-, -, -, 1381</column>
<column name="Register">-, -, 1854, 99</column>
<specialColumn name="Available">120, 80, 35200, 17600</specialColumn>
<specialColumn name="Utilization (%)">1, 12, 12, 35</specialColumn>
</table>
</item>
<item name = "Detail">
<section name = "" level="1">
<item name = "Instance"><table name="" hasTotal="1">
<keys size="6">Instance, Module, BRAM_18K, DSP48E, FF, LUT</keys>
<column name="toplevel_AXILiteS_s_axi_U">toplevel_AXILiteS_s_axi, 0, 0, 150, 232</column>
<column name="toplevel_MAXI_m_axi_U">toplevel_MAXI_m_axi, 2, 0, 512, 580</column>
<column name="toplevel_fadd_32ns_32ns_32_5_full_dsp_U1">toplevel_fadd_32ns_32ns_32_5_full_dsp, 0, 2, 205, 390</column>
<column name="toplevel_faddfsub_32ns_32ns_32_5_full_dsp_U0">toplevel_faddfsub_32ns_32ns_32_5_full_dsp, 0, 2, 205, 390</column>
<column name="toplevel_fcmp_32ns_32ns_1_1_U5">toplevel_fcmp_32ns_32ns_1_1, 0, 0, 66, 239</column>
<column name="toplevel_fdiv_32ns_32ns_32_16_U4">toplevel_fdiv_32ns_32ns_32_16, 0, 0, 761, 994</column>
<column name="toplevel_fmul_32ns_32ns_32_4_max_dsp_U2">toplevel_fmul_32ns_32ns_32_4_max_dsp, 0, 3, 143, 321</column>
<column name="toplevel_fmul_32ns_32ns_32_4_max_dsp_U3">toplevel_fmul_32ns_32ns_32_4_max_dsp, 0, 3, 143, 321</column>
<column name="toplevel_fsqrt_32ns_32ns_32_12_U6">toplevel_fsqrt_32ns_32ns_32_12, 0, 0, 405, 615</column>
</table>
</item>
<item name = "DSP48"><table name="" hasTotal="0">
<keys size="3">Instance, Module, Expression</keys>
</table>
</item>
<item name = "Memory"><table name="" hasTotal="1">
<keys size="9">Memory, Module, BRAM_18K, FF, LUT, Words, Bits, Banks, W*Bits*Banks</keys>
</table>
</item>
<item name = "FIFO"><table name="" hasTotal="1">
<keys size="7">Name, BRAM_18K, FF, LUT, Depth, Bits, Size:D*B</keys>
</table>
</item>
<item name = "Expression"><table name="" hasTotal="1">
<keys size="7">Variable Name, Operation, DSP48E, FF, LUT, Bitwidth P0, Bitwidth P1</keys>
<column name="i_1_fu_860_p2">+, 0, 0, 32, 32, 3</column>
<column name="j_1_fu_794_p2">+, 0, 0, 32, 2, 32</column>
<column name="loopend_1_fu_733_p2">+, 0, 0, 16, 16, 32</column>
<column name="ram2_sum3_fu_538_p2">+, 0, 0, 33, 33, 33</column>
<column name="ram2_sum4_fu_469_p2">+, 0, 0, 33, 33, 33</column>
<column name="ram2_sum5_fu_513_p2">+, 0, 0, 33, 33, 33</column>
<column name="ram2_sum6_fu_754_p2">+, 0, 0, 33, 33, 33</column>
<column name="ram2_sum7_fu_779_p2">+, 0, 0, 33, 33, 33</column>
<column name="ram2_sum8_fu_804_p2">+, 0, 0, 33, 33, 33</column>
<column name="ram2_sum_fu_488_p2">+, 0, 0, 33, 33, 33</column>
<column name="tmp_25_fu_744_p2">+, 0, 0, 32, 1, 32</column>
<column name="tmp_27_fu_769_p2">+, 0, 0, 32, 2, 32</column>
<column name="tmp_21_fu_727_p2">-, 0, 0, 16, 32, 32</column>
<column name="ap_sig_1034">and, 0, 0, 1, 1, 1</column>
<column name="ap_sig_1407">and, 0, 0, 1, 1, 1</column>
<column name="ap_sig_1416">and, 0, 0, 1, 1, 1</column>
<column name="ap_sig_653">and, 0, 0, 1, 1, 1</column>
<column name="ap_sig_792">and, 0, 0, 1, 1, 1</column>
<column name="ap_sig_801">and, 0, 0, 1, 1, 1</column>
<column name="ap_sig_818">and, 0, 0, 1, 1, 1</column>
<column name="ap_sig_945">and, 0, 0, 1, 1, 1</column>
<column name="ap_sig_953">and, 0, 0, 1, 1, 1</column>
<column name="ap_sig_961">and, 0, 0, 1, 1, 1</column>
<column name="ap_sig_970">and, 0, 0, 1, 1, 1</column>
<column name="tmp_15_fu_589_p2">and, 0, 0, 1, 1, 1</column>
<column name="tmp_32_fu_630_p2">and, 0, 0, 1, 1, 1</column>
<column name="tmp_45_fu_671_p2">and, 0, 0, 1, 1, 1</column>
<column name="tmp_50_fu_712_p2">and, 0, 0, 1, 1, 1</column>
<column name="tmp_56_fu_854_p2">and, 0, 0, 1, 1, 1</column>
<column name="notlhs1_fu_694_p2">icmp, 0, 0, 3, 8, 2</column>
<column name="notlhs2_fu_836_p2">icmp, 0, 0, 3, 8, 2</column>
<column name="notlhs7_fu_612_p2">icmp, 0, 0, 3, 8, 2</column>
<column name="notlhs9_fu_653_p2">icmp, 0, 0, 3, 8, 2</column>
<column name="notlhs_fu_571_p2">icmp, 0, 0, 3, 8, 2</column>
<column name="notrhs1_fu_659_p2">icmp, 0, 0, 8, 23, 1</column>
<column name="notrhs2_fu_700_p2">icmp, 0, 0, 8, 23, 1</column>
<column name="notrhs3_fu_842_p2">icmp, 0, 0, 8, 23, 1</column>
<column name="notrhs8_fu_618_p2">icmp, 0, 0, 8, 23, 1</column>
<column name="notrhs_fu_577_p2">icmp, 0, 0, 8, 23, 1</column>
<column name="tmp_24_fu_739_p2">icmp, 0, 0, 11, 32, 32</column>
<column name="tmp_fu_454_p2">icmp, 0, 0, 11, 32, 32</column>
<column name="tmp_28_fu_624_p2">or, 0, 0, 1, 1, 1</column>
<column name="tmp_2_fu_528_p2">or, 0, 0, 44, 32, 1</column>
<column name="tmp_43_fu_665_p2">or, 0, 0, 1, 1, 1</column>
<column name="tmp_48_fu_706_p2">or, 0, 0, 1, 1, 1</column>
<column name="tmp_4_fu_459_p2">or, 0, 0, 44, 32, 2</column>
<column name="tmp_54_fu_848_p2">or, 0, 0, 1, 1, 1</column>
<column name="tmp_6_fu_503_p2">or, 0, 0, 44, 32, 2</column>
<column name="tmp_7_fu_583_p2">or, 0, 0, 1, 1, 1</column>
</table>
</item>
<item name = "Multiplexer"><table name="" hasTotal="1">
<keys size="5">Name, LUT, Input Size, Bits, Total Bits</keys>
<column name="MAXI_ARADDR">64, 8, 32, 256</column>
<column name="MAXI_AWADDR">32, 5, 32, 160</column>
<column name="MAXI_WDATA">64, 8, 32, 256</column>
<column name="MAXI_blk_n_AR">1, 2, 1, 2</column>
<column name="MAXI_blk_n_AW">1, 2, 1, 2</column>
<column name="MAXI_blk_n_B">1, 2, 1, 2</column>
<column name="MAXI_blk_n_R">1, 2, 1, 2</column>
<column name="MAXI_blk_n_W">1, 2, 1, 2</column>
<column name="ap_NS_fsm">147, 67, 1, 67</column>
<column name="ap_reg_phiprechg_p_pn1_reg_282pp0_it13">32, 2, 32, 64</column>
<column name="ap_reg_phiprechg_p_pn1_reg_282pp0_it14">32, 2, 32, 64</column>
<column name="ap_reg_phiprechg_p_pn_reg_272pp0_it13">32, 2, 32, 64</column>
<column name="ap_reg_phiprechg_p_pn_reg_272pp0_it14">32, 2, 32, 64</column>
<column name="ap_reg_phiprechg_tmp_39_reg_314pp0_it16">32, 2, 32, 64</column>
<column name="ap_reg_phiprechg_tmp_40_reg_326pp0_it16">32, 2, 32, 64</column>
<column name="ap_reg_ppiten_pp0_it1">1, 2, 1, 2</column>
<column name="ap_reg_ppiten_pp0_it17">1, 2, 1, 2</column>
<column name="ap_reg_ppiten_pp0_it19">1, 2, 1, 2</column>
<column name="ap_sig_ioackin_MAXI_ARREADY">1, 2, 1, 2</column>
<column name="ap_sig_ioackin_MAXI_AWREADY">1, 2, 1, 2</column>
<column name="ap_sig_ioackin_MAXI_WREADY">1, 2, 1, 2</column>
<column name="grp_fu_338_opcode">2, 3, 2, 6</column>
<column name="grp_fu_338_p0">32, 6, 32, 192</column>
<column name="grp_fu_338_p1">32, 7, 32, 224</column>
<column name="grp_fu_352_p0">32, 4, 32, 128</column>
<column name="grp_fu_352_p1">32, 4, 32, 128</column>
<column name="grp_fu_356_p0">32, 4, 32, 128</column>
<column name="grp_fu_356_p1">32, 3, 32, 96</column>
<column name="grp_fu_362_p0">32, 4, 32, 128</column>
<column name="grp_fu_367_opcode">5, 4, 5, 20</column>
<column name="grp_fu_367_p0">32, 6, 32, 192</column>
<column name="grp_fu_367_p1">32, 6, 32, 192</column>
<column name="i_reg_150">32, 2, 32, 64</column>
<column name="j_phi_fu_264_p4">32, 2, 32, 64</column>
<column name="j_reg_260">32, 2, 32, 64</column>
<column name="tmp_10_reg_162">32, 2, 32, 64</column>
<column name="tmp_11_reg_174">32, 2, 32, 64</column>
<column name="tmp_13_reg_186">32, 2, 32, 64</column>
<column name="tmp_14_reg_198">32, 2, 32, 64</column>
<column name="tmp_16_reg_210">32, 2, 32, 64</column>
<column name="tmp_17_reg_223">32, 2, 32, 64</column>
<column name="tmp_19_phi_fu_239_p4">32, 2, 32, 64</column>
<column name="tmp_19_reg_236">32, 2, 32, 64</column>
<column name="tmp_20_reg_248">32, 2, 32, 64</column>
<column name="tmp_22_phi_fu_295_p4">32, 2, 32, 64</column>
<column name="tmp_22_reg_292">32, 2, 32, 64</column>
<column name="tmp_23_phi_fu_306_p4">32, 2, 32, 64</column>
<column name="tmp_23_reg_303">32, 2, 32, 64</column>
<column name="tmp_39_phi_fu_318_p4">32, 2, 32, 64</column>
<column name="tmp_40_phi_fu_330_p4">32, 2, 32, 64</column>
</table>
</item>
<item name = "Register"><table name="" hasTotal="1">
<keys size="5">Name, FF, LUT, Bits, Const Bits</keys>
<column name="MAXI_addr_1_reg_970">32, 0, 32, 0</column>
<column name="MAXI_addr_2_reg_981">32, 0, 32, 0</column>
<column name="MAXI_addr_reg_964">32, 0, 32, 0</column>
<column name="ap_CS_fsm">66, 0, 66, 0</column>
<column name="ap_reg_ioackin_MAXI_ARREADY">1, 0, 1, 0</column>
<column name="ap_reg_ioackin_MAXI_AWREADY">1, 0, 1, 0</column>
<column name="ap_reg_ioackin_MAXI_WREADY">1, 0, 1, 0</column>
<column name="ap_reg_phiprechg_p_pn1_reg_282pp0_it13">32, 0, 32, 0</column>
<column name="ap_reg_phiprechg_p_pn1_reg_282pp0_it14">32, 0, 32, 0</column>
<column name="ap_reg_phiprechg_p_pn_reg_272pp0_it13">32, 0, 32, 0</column>
<column name="ap_reg_phiprechg_p_pn_reg_272pp0_it14">32, 0, 32, 0</column>
<column name="ap_reg_phiprechg_tmp_39_reg_314pp0_it16">32, 0, 32, 0</column>
<column name="ap_reg_phiprechg_tmp_39_reg_314pp0_it17">32, 0, 32, 0</column>
<column name="ap_reg_phiprechg_tmp_40_reg_326pp0_it16">32, 0, 32, 0</column>
<column name="ap_reg_phiprechg_tmp_40_reg_326pp0_it17">32, 0, 32, 0</column>
<column name="ap_reg_ppiten_pp0_it0">1, 0, 1, 0</column>
<column name="ap_reg_ppiten_pp0_it1">1, 0, 1, 0</column>
<column name="ap_reg_ppiten_pp0_it10">1, 0, 1, 0</column>
<column name="ap_reg_ppiten_pp0_it11">1, 0, 1, 0</column>
<column name="ap_reg_ppiten_pp0_it12">1, 0, 1, 0</column>
<column name="ap_reg_ppiten_pp0_it13">1, 0, 1, 0</column>
<column name="ap_reg_ppiten_pp0_it14">1, 0, 1, 0</column>
<column name="ap_reg_ppiten_pp0_it15">1, 0, 1, 0</column>
<column name="ap_reg_ppiten_pp0_it16">1, 0, 1, 0</column>
<column name="ap_reg_ppiten_pp0_it17">1, 0, 1, 0</column>
<column name="ap_reg_ppiten_pp0_it18">1, 0, 1, 0</column>
<column name="ap_reg_ppiten_pp0_it19">1, 0, 1, 0</column>
<column name="ap_reg_ppiten_pp0_it2">1, 0, 1, 0</column>
<column name="ap_reg_ppiten_pp0_it3">1, 0, 1, 0</column>
<column name="ap_reg_ppiten_pp0_it4">1, 0, 1, 0</column>
<column name="ap_reg_ppiten_pp0_it5">1, 0, 1, 0</column>
<column name="ap_reg_ppiten_pp0_it6">1, 0, 1, 0</column>
<column name="ap_reg_ppiten_pp0_it7">1, 0, 1, 0</column>
<column name="ap_reg_ppiten_pp0_it8">1, 0, 1, 0</column>
<column name="ap_reg_ppiten_pp0_it9">1, 0, 1, 0</column>
<column name="d_reg_1002">32, 0, 32, 0</column>
<column name="exp_reg_997">32, 0, 32, 0</column>
<column name="i_reg_150">32, 0, 32, 0</column>
<column name="j_1_reg_976">32, 0, 32, 0</column>
<column name="j_reg_260">32, 0, 32, 0</column>
<column name="loopend_1_reg_955">32, 0, 32, 0</column>
<column name="loopend_reg_882">30, 0, 32, 2</column>
<column name="numA_0_data_reg">32, 0, 32, 0</column>
<column name="numA_0_vld_reg">0, 0, 1, 1</column>
<column name="numP_0_data_reg">32, 0, 32, 0</column>
<column name="numP_0_vld_reg">0, 0, 1, 1</column>
<column name="numberAttractors">32, 0, 32, 0</column>
<column name="p_pn1_reg_282">32, 0, 32, 0</column>
<column name="p_pn_reg_272">32, 0, 32, 0</column>
<column name="pvx_reg_890">32, 0, 32, 0</column>
<column name="pvy_reg_902">32, 0, 32, 0</column>
<column name="px_reg_896">32, 0, 32, 0</column>
<column name="py_read_reg_914">32, 0, 32, 0</column>
<column name="py_reg_908">32, 0, 32, 0</column>
<column name="reg_383">32, 0, 32, 0</column>
<column name="reg_390">32, 0, 32, 0</column>
<column name="reg_395">32, 0, 32, 0</column>
<column name="reg_403">32, 0, 32, 0</column>
<column name="reg_413">32, 0, 32, 0</column>
<column name="tmp_10_reg_162">32, 0, 32, 0</column>
<column name="tmp_11_reg_174">32, 0, 32, 0</column>
<column name="tmp_12_reg_919">1, 0, 1, 0</column>
<column name="tmp_13_reg_186">32, 0, 32, 0</column>
<column name="tmp_14_reg_198">32, 0, 32, 0</column>
<column name="tmp_15_reg_924">1, 0, 1, 0</column>
<column name="tmp_16_reg_210">32, 0, 32, 0</column>
<column name="tmp_17_reg_223">32, 0, 32, 0</column>
<column name="tmp_19_reg_236">32, 0, 32, 0</column>
<column name="tmp_1_reg_866">30, 0, 30, 0</column>
<column name="tmp_20_reg_248">32, 0, 32, 0</column>
<column name="tmp_22_reg_292">32, 0, 32, 0</column>
<column name="tmp_23_reg_303">32, 0, 32, 0</column>
<column name="tmp_24_reg_960">1, 0, 1, 0</column>
<column name="tmp_29_reg_928">1, 0, 1, 0</column>
<column name="tmp_30_reg_987">32, 0, 32, 0</column>
<column name="tmp_31_reg_992">32, 0, 32, 0</column>
<column name="tmp_32_reg_933">1, 0, 1, 0</column>
<column name="tmp_34_reg_1029">32, 0, 32, 0</column>
<column name="tmp_35_reg_1034">32, 0, 32, 0</column>
<column name="tmp_37_reg_1054">32, 0, 32, 0</column>
<column name="tmp_38_reg_1059">32, 0, 32, 0</column>
<column name="tmp_44_reg_937">1, 0, 1, 0</column>
<column name="tmp_45_reg_942">1, 0, 1, 0</column>
<column name="tmp_49_reg_946">1, 0, 1, 0</column>
<column name="tmp_50_reg_951">1, 0, 1, 0</column>
<column name="tmp_56_reg_1009">1, 0, 1, 0</column>
<column name="tmp_57_reg_1013">1, 0, 1, 0</column>
<column name="tmp_62_cast_reg_871">30, 0, 33, 3</column>
<column name="x_norm_1_reg_1049">32, 0, 32, 0</column>
<column name="x_norm_reg_1017">32, 0, 32, 0</column>
<column name="y_norm_1_reg_1044">32, 0, 32, 0</column>
<column name="y_norm_reg_1023">32, 0, 32, 0</column>
<column name="reg_395">0, 32, 32, 0</column>
<column name="reg_403">0, 32, 32, 0</column>
<column name="reg_413">0, 32, 32, 0</column>
<column name="tmp_24_reg_960">0, 1, 1, 0</column>
<column name="tmp_56_reg_1009">0, 1, 1, 0</column>
<column name="tmp_57_reg_1013">0, 1, 1, 0</column>
</table>
</item>
</section>
</item>
</section>

<section name = "Interface" level="0">
<item name = "Summary"><table name="" hasTotal="0">
<keys size="6">RTL Ports, Dir, Bits, Protocol, Source Object, C Type</keys>
<column name="s_axi_AXILiteS_AWVALID">in, 1, s_axi, AXILiteS, pointer</column>
<column name="s_axi_AXILiteS_AWREADY">out, 1, s_axi, AXILiteS, pointer</column>
<column name="s_axi_AXILiteS_AWADDR">in, 6, s_axi, AXILiteS, pointer</column>
<column name="s_axi_AXILiteS_WVALID">in, 1, s_axi, AXILiteS, pointer</column>
<column name="s_axi_AXILiteS_WREADY">out, 1, s_axi, AXILiteS, pointer</column>
<column name="s_axi_AXILiteS_WDATA">in, 32, s_axi, AXILiteS, pointer</column>
<column name="s_axi_AXILiteS_WSTRB">in, 4, s_axi, AXILiteS, pointer</column>
<column name="s_axi_AXILiteS_ARVALID">in, 1, s_axi, AXILiteS, pointer</column>
<column name="s_axi_AXILiteS_ARREADY">out, 1, s_axi, AXILiteS, pointer</column>
<column name="s_axi_AXILiteS_ARADDR">in, 6, s_axi, AXILiteS, pointer</column>
<column name="s_axi_AXILiteS_RVALID">out, 1, s_axi, AXILiteS, pointer</column>
<column name="s_axi_AXILiteS_RREADY">in, 1, s_axi, AXILiteS, pointer</column>
<column name="s_axi_AXILiteS_RDATA">out, 32, s_axi, AXILiteS, pointer</column>
<column name="s_axi_AXILiteS_RRESP">out, 2, s_axi, AXILiteS, pointer</column>
<column name="s_axi_AXILiteS_BVALID">out, 1, s_axi, AXILiteS, pointer</column>
<column name="s_axi_AXILiteS_BREADY">in, 1, s_axi, AXILiteS, pointer</column>
<column name="s_axi_AXILiteS_BRESP">out, 2, s_axi, AXILiteS, pointer</column>
<column name="ap_clk">in, 1, ap_ctrl_hs, toplevel, return value</column>
<column name="ap_rst_n">in, 1, ap_ctrl_hs, toplevel, return value</column>
<column name="interrupt">out, 1, ap_ctrl_hs, toplevel, return value</column>
<column name="m_axi_MAXI_AWVALID">out, 1, m_axi, MAXI, pointer</column>
<column name="m_axi_MAXI_AWREADY">in, 1, m_axi, MAXI, pointer</column>
<column name="m_axi_MAXI_AWADDR">out, 32, m_axi, MAXI, pointer</column>
<column name="m_axi_MAXI_AWID">out, 1, m_axi, MAXI, pointer</column>
<column name="m_axi_MAXI_AWLEN">out, 8, m_axi, MAXI, pointer</column>
<column name="m_axi_MAXI_AWSIZE">out, 3, m_axi, MAXI, pointer</column>
<column name="m_axi_MAXI_AWBURST">out, 2, m_axi, MAXI, pointer</column>
<column name="m_axi_MAXI_AWLOCK">out, 2, m_axi, MAXI, pointer</column>
<column name="m_axi_MAXI_AWCACHE">out, 4, m_axi, MAXI, pointer</column>
<column name="m_axi_MAXI_AWPROT">out, 3, m_axi, MAXI, pointer</column>
<column name="m_axi_MAXI_AWQOS">out, 4, m_axi, MAXI, pointer</column>
<column name="m_axi_MAXI_AWREGION">out, 4, m_axi, MAXI, pointer</column>
<column name="m_axi_MAXI_AWUSER">out, 1, m_axi, MAXI, pointer</column>
<column name="m_axi_MAXI_WVALID">out, 1, m_axi, MAXI, pointer</column>
<column name="m_axi_MAXI_WREADY">in, 1, m_axi, MAXI, pointer</column>
<column name="m_axi_MAXI_WDATA">out, 32, m_axi, MAXI, pointer</column>
<column name="m_axi_MAXI_WSTRB">out, 4, m_axi, MAXI, pointer</column>
<column name="m_axi_MAXI_WLAST">out, 1, m_axi, MAXI, pointer</column>
<column name="m_axi_MAXI_WID">out, 1, m_axi, MAXI, pointer</column>
<column name="m_axi_MAXI_WUSER">out, 1, m_axi, MAXI, pointer</column>
<column name="m_axi_MAXI_ARVALID">out, 1, m_axi, MAXI, pointer</column>
<column name="m_axi_MAXI_ARREADY">in, 1, m_axi, MAXI, pointer</column>
<column name="m_axi_MAXI_ARADDR">out, 32, m_axi, MAXI, pointer</column>
<column name="m_axi_MAXI_ARID">out, 1, m_axi, MAXI, pointer</column>
<column name="m_axi_MAXI_ARLEN">out, 8, m_axi, MAXI, pointer</column>
<column name="m_axi_MAXI_ARSIZE">out, 3, m_axi, MAXI, pointer</column>
<column name="m_axi_MAXI_ARBURST">out, 2, m_axi, MAXI, pointer</column>
<column name="m_axi_MAXI_ARLOCK">out, 2, m_axi, MAXI, pointer</column>
<column name="m_axi_MAXI_ARCACHE">out, 4, m_axi, MAXI, pointer</column>
<column name="m_axi_MAXI_ARPROT">out, 3, m_axi, MAXI, pointer</column>
<column name="m_axi_MAXI_ARQOS">out, 4, m_axi, MAXI, pointer</column>
<column name="m_axi_MAXI_ARREGION">out, 4, m_axi, MAXI, pointer</column>
<column name="m_axi_MAXI_ARUSER">out, 1, m_axi, MAXI, pointer</column>
<column name="m_axi_MAXI_RVALID">in, 1, m_axi, MAXI, pointer</column>
<column name="m_axi_MAXI_RREADY">out, 1, m_axi, MAXI, pointer</column>
<column name="m_axi_MAXI_RDATA">in, 32, m_axi, MAXI, pointer</column>
<column name="m_axi_MAXI_RLAST">in, 1, m_axi, MAXI, pointer</column>
<column name="m_axi_MAXI_RID">in, 1, m_axi, MAXI, pointer</column>
<column name="m_axi_MAXI_RUSER">in, 1, m_axi, MAXI, pointer</column>
<column name="m_axi_MAXI_RRESP">in, 2, m_axi, MAXI, pointer</column>
<column name="m_axi_MAXI_BVALID">in, 1, m_axi, MAXI, pointer</column>
<column name="m_axi_MAXI_BREADY">out, 1, m_axi, MAXI, pointer</column>
<column name="m_axi_MAXI_BRESP">in, 2, m_axi, MAXI, pointer</column>
<column name="m_axi_MAXI_BID">in, 1, m_axi, MAXI, pointer</column>
<column name="m_axi_MAXI_BUSER">in, 1, m_axi, MAXI, pointer</column>
</table>
</item>
</section>

<section name = "Critical Path" level="0">
<item name = "Max Delay">9.53</item>
<item name = "Critical Path Table"><table name="Critical Path Table" hasTotal="0">
<keys size="15">Name, Operator, Delay, Accumulated Delay, Store Source, Resource, Core, Interface, Type, Port, Array, Scope, Pointer, Callee, Phi Node</keys>
<column name="'tmp_55', particle_sim_hls/toplevel.cpp:70">fcmp, 6.79, 6.79, -, -, -, -, -, -, -, -, -, -, -</column>
<column name="'tmp_56', particle_sim_hls/toplevel.cpp:70">and, 1.37, 8.16, -, -, -, -, -, -, -, -, -, -, -</column>
</table>
</item>
</section>
</profile>
